PC,Proportion.Variance.Explained
1,0.0061249343338900565
2,0.004430250769961765
3,0.003450793605570324
4,0.0027283118643553314
5,0.002285034617974613
6,0.0013375865656268988
7,0.0011341421668871205
8,0.0009602811286157568
9,0.0007368160889185915
10,0.0006602911552672428
